#,Name,Types,Total,HP,Attack,Defense,Sp.Atk,Sp.Def,Speed,Generation,Legendary
1,Bulbasaur,GrassPoison,318,45,49,49,65,65,45,1,0
2,Ivysaur,GrassPoison,405,60,62,63,80,80,60,1,0
3,Venusaur,GrassPoison,525,80,82,83,100,100,80,1,0
3,Mega-Venusaur,GrassPoison,625,80,100,123,122,120,80,1,0
4,Charmander,Fire,309,39,52,43,60,50,65,1,0
5,Charmeleon,Fire,405,58,64,58,80,65,80,1,0
6,Charizard,FireFlying,534,78,84,78,109,85,100,1,0
6,Mega-Charizard X,FireDragon,634,78,130,111,130,85,100,1,0
6,Mega-Charizard Y,FireFlying,634,78,104,78,159,115,100,1,0
7,Squirtle,Water,314,44,48,65,50,64,43,1,0
8,Wartortle,Water,405,59,63,80,65,80,58,1,0
9,Blastoise,Water,530,79,83,100,85,105,78,1,0
9,Mega-Blastoise,Water,630,79,103,120,135,115,78,1,0
10,Caterpie,Bug,195,45,30,35,20,20,45,1,0
11,Metapod,Bug,205,50,20,55,25,25,30,1,0
12,Butterfree,BugFlying,395,60,45,50,90,80,70,1,0
13,Weedle,BugPoison,195,40,35,30,20,20,50,1,0
14,Kakuna,BugPoison,205,45,25,50,25,25,35,1,0
15,Beedrill,BugPoison,395,65,90,40,45,80,75,1,0
15,Mega-Beedrill,BugPoison,495,65,150,40,15,80,145,1,0
16,Pidgey,NormalFlying,251,40,45,40,35,35,56,1,0
17,Pidgeotto,NormalFlying,349,63,60,55,50,50,71,1,0
18,Pidgeot,NormalFlying,479,83,80,75,70,70,101,1,0
18,Mega-Pidgeot,NormalFlying,579,83,80,80,135,80,121,1,0
19,Rattata,Normal,253,30,56,35,25,35,72,1,0
20,Raticate,Normal,413,55,81,60,50,70,97,1,0
21,Spearow,NormalFlying,262,40,60,30,31,31,70,1,0
22,Fearow,NormalFlying,442,65,90,65,61,61,100,1,0
23,Ekans,Poison,288,35,60,44,40,54,55,1,0
24,Arbok,Poison,438,60,85,69,65,79,80,1,0
25,Pikachu,Electric,320,35,55,40,50,50,90,1,0
26,Raichu,Electric,485,60,90,55,90,80,110,1,0
27,Sandshrew,Ground,300,50,75,85,20,30,40,1,0
28,Sandslash,Ground,450,75,100,110,45,55,65,1,0
29,Nidoranâ™€,Poison,275,55,47,52,40,40,41,1,0
30,Nidorina,Poison,365,70,62,67,55,55,56,1,0
31,Nidoqueen,PoisonGround,505,90,92,87,75,85,76,1,0
32,Nidoranâ™,Poison,273,46,57,40,40,40,50,1,0
33,Nidorino,Poison,365,61,72,57,55,55,65,1,0
34,Nidoking,PoisonGround,505,81,102,77,85,75,85,1,0
35,Clefairy,Fairy,323,70,45,48,60,65,35,1,0
36,Clefable,Fairy,483,95,70,73,95,90,60,1,0
37,Vulpix,Fire,299,38,41,40,50,65,65,1,0
38,Ninetales,Fire,505,73,76,75,81,100,100,1,0
39,Jigglypuff,NormalFairy,270,115,45,20,45,25,20,1,0
40,Wigglytuff,NormalFairy,435,140,70,45,85,50,45,1,0
41,Zubat,PoisonFlying,245,40,45,35,30,40,55,1,0
42,Golbat,PoisonFlying,455,75,80,70,65,75,90,1,0
43,Oddish,GrassPoison,320,45,50,55,75,65,30,1,0
44,Gloom,GrassPoison,395,60,65,70,85,75,40,1,0
45,Vileplume,GrassPoison,490,75,80,85,110,90,50,1,0
46,Paras,BugGrass,285,35,70,55,45,55,25,1,0
47,Parasect,BugGrass,405,60,95,80,60,80,30,1,0
48,Venonat,BugPoison,305,60,55,50,40,55,45,1,0
49,Venomoth,BugPoison,450,70,65,60,90,75,90,1,0
50,Diglett,Ground,265,10,55,25,35,45,95,1,0
51,Dugtrio,Ground,405,35,80,50,50,70,120,1,0
52,Meowth,Normal,290,40,45,35,40,40,90,1,0
53,Persian,Normal,440,65,70,60,65,65,115,1,0
54,Psyduck,Water,320,50,52,48,65,50,55,1,0
55,Golduck,Water,500,80,82,78,95,80,85,1,0
56,Mankey,Fighting,305,40,80,35,35,45,70,1,0
57,Primeape,Fighting,455,65,105,60,60,70,95,1,0
58,Growlithe,Fire,350,55,70,45,70,50,60,1,0
59,Arcanine,Fire,555,90,110,80,100,80,95,1,0
60,Poliwag,Water,300,40,50,40,40,40,90,1,0
61,Poliwhirl,Water,385,65,65,65,50,50,90,1,0
62,Poliwrath,WaterFighting,510,90,95,95,70,90,70,1,0
63,Abra,Psychic,310,25,20,15,105,55,90,1,0
64,Kadabra,Psychic,400,40,35,30,120,70,105,1,0
65,Alakazam,Psychic,500,55,50,45,135,95,120,1,0
65,Mega-Alakazam,Psychic,590,55,50,65,175,95,150,1,0
66,Machop,Fighting,305,70,80,50,35,35,35,1,0
67,Machoke,Fighting,405,80,100,70,50,60,45,1,0
68,Machamp,Fighting,505,90,130,80,65,85,55,1,0
69,Bellsprout,GrassPoison,300,50,75,35,70,30,40,1,0
70,Weepinbell,GrassPoison,390,65,90,50,85,45,55,1,0
71,Victreebel,GrassPoison,490,80,105,65,100,70,70,1,0
72,Tentacool,WaterPoison,335,40,40,35,50,100,70,1,0
73,Tentacruel,WaterPoison,515,80,70,65,80,120,100,1,0
74,Geodude,RockGround,300,40,80,100,30,30,20,1,0
75,Graveler,RockGround,390,55,95,115,45,45,35,1,0
76,Golem,RockGround,495,80,120,130,55,65,45,1,0
77,Ponyta,Fire,410,50,85,55,65,65,90,1,0
78,Rapidash,Fire,500,65,100,70,80,80,105,1,0
79,Slowpoke,WaterPsychic,315,90,65,65,40,40,15,1,0
80,Slowbro,WaterPsychic,490,95,75,110,100,80,30,1,0
80,Galarian Slowbro,PoisonPsychic,490,95,100,95,100,70,30,1,0
80,Mega-Slowbro,WaterPsychic,590,95,75,180,130,80,30,1,0
81,Magnemite,ElectricSteel,325,25,35,70,95,55,45,1,0
82,Magneton,ElectricSteel,465,50,60,95,120,70,70,1,0
83,Farfetch'd,NormalFlying,352,52,65,55,58,62,60,1,0
84,Doduo,NormalFlying,310,35,85,45,35,35,75,1,0
85,Dodrio,NormalFlying,460,60,110,70,60,60,100,1,0
86,Seel,Water,325,65,45,55,45,70,45,1,0
87,Dewgong,WaterIce,475,90,70,80,70,95,70,1,0
88,Grimer,Poison,325,80,80,50,40,50,25,1,0
89,Muk,Poison,500,105,105,75,65,100,50,1,0
90,Shellder,Water,305,30,65,100,45,25,40,1,0
91,Cloyster,WaterIce,525,50,95,180,85,45,70,1,0
92,Gastly,GhostPoison,310,30,35,30,100,35,80,1,0
93,Haunter,GhostPoison,405,45,50,45,115,55,95,1,0
94,Gengar,GhostPoison,500,60,65,60,130,75,110,1,0
94,Mega-Gengar,GhostPoison,600,60,65,80,170,95,130,1,0
95,Onix,RockGround,385,35,45,160,30,45,70,1,0
96,Drowzee,Psychic,328,60,48,45,43,90,42,1,0
97,Hypno,Psychic,483,85,73,70,73,115,67,1,0
98,Krabby,Water,325,30,105,90,25,25,50,1,0
99,Kingler,Water,475,55,130,115,50,50,75,1,0
100,Voltorb,Electric,330,40,30,50,55,55,100,1,0
101,Electrode,Electric,480,60,50,70,80,80,140,1,0
102,Exeggcute,GrassPsychic,325,60,40,80,60,45,40,1,0
103,Exeggutor,GrassPsychic,520,95,95,85,125,65,55,1,0
104,Cubone,Ground,320,50,50,95,40,50,35,1,0
105,Marowak,Ground,425,60,80,110,50,80,45,1,0
106,Hitmonlee,Fighting,455,50,120,53,35,110,87,1,0
107,Hitmonchan,Fighting,455,50,105,79,35,110,76,1,0
108,Lickitung,Normal,385,90,55,75,60,75,30,1,0
109,Koffing,Poison,340,40,65,95,60,45,35,1,0
110,Weezing,Poison,490,65,90,120,85,70,60,1,0
111,Rhyhorn,GroundRock,345,80,85,95,30,30,25,1,0
112,Rhydon,GroundRock,485,105,130,120,45,45,40,1,0
113,Chansey,Normal,450,250,5,5,35,105,50,1,0
114,Tangela,Grass,435,65,55,115,100,40,60,1,0
115,Kangaskhan,Normal,490,105,95,80,40,80,90,1,0
115,Mega-Kangaskhan,Normal,590,105,125,100,60,100,100,1,0
116,Horsea,Water,295,30,40,70,70,25,60,1,0
117,Seadra,Water,440,55,65,95,95,45,85,1,0
118,Goldeen,Water,320,45,67,60,35,50,63,1,0
119,Seaking,Water,450,80,92,65,65,80,68,1,0
120,Staryu,Water,340,30,45,55,70,55,85,1,0
121,Starmie,WaterPsychic,520,60,75,85,100,85,115,1,0
122,Mr.Mime,PsychicFairy,460,40,45,65,100,120,90,1,0
123,Scyther,BugFlying,500,70,110,80,55,80,105,1,0
124,Jynx,IcePsychic,455,65,50,35,115,95,95,1,0
125,Electabuzz,Electric,490,65,83,57,95,85,105,1,0
126,Magmar,Fire,495,65,95,57,100,85,93,1,0
127,Pinsir,Bug,500,65,125,100,55,70,85,1,0
127,Mega-Pinsir,BugFlying,600,65,155,120,65,90,105,1,0
128,Tauros,Normal,490,75,100,95,40,70,110,1,0
129,Magikarp,Water,200,20,10,55,15,20,80,1,0
130,Gyarados,WaterFlying,540,95,125,79,60,100,81,1,0
130,Mega-Gyarados,WaterDark,640,95,155,109,70,130,81,1,0
131,Lapras,WaterIce,535,130,85,80,85,95,60,1,0
132,Ditto,Normal,288,48,48,48,48,48,48,1,0
133,Eevee,Normal,325,55,55,50,45,65,55,1,0
134,Vaporeon,Water,525,130,65,60,110,95,65,1,0
135,Jolteon,Electric,525,65,65,60,110,95,130,1,0
136,Flareon,Fire,525,65,130,60,95,110,65,1,0
137,Porygon,Normal,395,65,60,70,85,75,40,1,0
138,Omanyte,RockWater,355,35,40,100,90,55,35,1,0
139,Omastar,RockWater,495,70,60,125,115,70,55,1,0
140,Kabuto,RockWater,355,30,80,90,55,45,55,1,0
141,Kabutops,RockWater,495,60,115,105,65,70,80,1,0
142,Aerodactyl,RockFlying,515,80,105,65,60,75,130,1,0
142,Mega-Aerodactyl,RockFlying,615,80,135,85,70,95,150,1,0
143,Snorlax,Normal,540,160,110,65,65,110,30,1,0
144,Articuno,IceFlying,580,90,85,100,95,125,85,1,1
145,Zapdos,ElectricFlying,580,90,90,85,125,90,100,1,1
146,Moltres,FireFlying,580,90,100,90,125,85,90,1,1
147,Dratini,Dragon,300,41,64,45,50,50,50,1,0
148,Dragonair,Dragon,420,61,84,65,70,70,70,1,0
149,Dragonite,DragonFlying,600,91,134,95,100,100,80,1,0
150,Mewtwo,Psychic,680,106,110,90,154,90,130,1,1
150,Mega-Mewtwo X,PsychicFighting,780,106,190,100,154,100,130,1,1
150,Mega-Mewtwo Y,Psychic,780,106,150,70,194,120,140,1,1
151,Mew,Psychic,600,100,100,100,100,100,100,1,0
152,Chikorita,Grass,318,45,49,65,49,65,45,2,0
153,Bayleef,Grass,405,60,62,80,63,80,60,2,0
154,Meganium,Grass,525,80,82,100,83,100,80,2,0
155,Cyndaquil,Fire,309,39,52,43,60,50,65,2,0
156,Quilava,Fire,405,58,64,58,80,65,80,2,0
157,Typhlosion,Fire,534,78,84,78,109,85,100,2,0
158,Totodile,Water,314,50,65,64,44,48,43,2,0
159,Croconaw,Water,405,65,80,80,59,63,58,2,0
160,Feraligatr,Water,530,85,105,100,79,83,78,2,0
161,Sentret,Normal,215,35,46,34,35,45,20,2,0
162,Furret,Normal,415,85,76,64,45,55,90,2,0
163,Hoothoot,NormalFlying,262,60,30,30,36,56,50,2,0
164,Noctowl,NormalFlying,442,100,50,50,76,96,70,2,0
165,Ledyba,BugFlying,265,40,20,30,40,80,55,2,0
166,Ledian,BugFlying,390,55,35,50,55,110,85,2,0
167,Spinarak,BugPoison,250,40,60,40,40,40,30,2,0
168,Ariados,BugPoison,390,70,90,70,60,60,40,2,0
169,Crobat,PoisonFlying,535,85,90,80,70,80,130,2,0
170,Chinchou,WaterElectric,330,75,38,38,56,56,67,2,0
171,Lanturn,WaterElectric,460,125,58,58,76,76,67,2,0
172,Pichu,Electric,205,20,40,15,35,35,60,2,0
173,Cleffa,Fairy,218,50,25,28,45,55,15,2,0
174,Igglybuff,NormalFairy,210,90,30,15,40,20,15,2,0
175,Togepi,Fairy,245,35,20,65,40,65,20,2,0
176,Togetic,FairyFlying,405,55,40,85,80,105,40,2,0
177,Natu,PsychicFlying,320,40,50,45,70,45,70,2,0
178,Xatu,PsychicFlying,470,65,75,70,95,70,95,2,0
179,Mareep,Electric,280,55,40,40,65,45,35,2,0
180,Flaaffy,Electric,365,70,55,55,80,60,45,2,0
181,Ampharos,Electric,510,90,75,85,115,90,55,2,0
181,Mega-Ampharos,ElectricDragon,610,90,95,105,165,110,45,2,0
182,Bellossom,Grass,490,75,80,95,90,100,50,2,0
183,Marill,WaterFairy,250,70,20,50,20,50,40,2,0
184,Azumarill,WaterFairy,420,100,50,80,60,80,50,2,0
185,Sudowoodo,Rock,410,70,100,115,30,65,30,2,0
186,Politoed,Water,500,90,75,75,90,100,70,2,0
187,Hoppip,GrassFlying,250,35,35,40,35,55,50,2,0
188,Skiploom,GrassFlying,340,55,45,50,45,65,80,2,0
189,Jumpluff,GrassFlying,460,75,55,70,55,95,110,2,0
190,Aipom,Normal,360,55,70,55,40,55,85,2,0
191,Sunkern,Grass,180,30,30,30,30,30,30,2,0
192,Sunflora,Grass,425,75,75,55,105,85,30,2,0
193,Yanma,BugFlying,390,65,65,45,75,45,95,2,0
194,Wooper,WaterGround,210,55,45,45,25,25,15,2,0
195,Quagsire,WaterGround,430,95,85,85,65,65,35,2,0
196,Espeon,Psychic,525,65,65,60,130,95,110,2,0
197,Umbreon,Dark,525,95,65,110,60,130,65,2,0
198,Murkrow,DarkFlying,405,60,85,42,85,42,91,2,0
199,Slowking,WaterPsychic,490,95,75,80,100,110,30,2,0
200,Misdreavus,Ghost,435,60,60,60,85,85,85,2,0
201,Unown,Psychic,336,48,72,48,72,48,48,2,0
202,Wobbuffet,Psychic,405,190,33,58,33,58,33,2,0
203,Girafarig,NormalPsychic,455,70,80,65,90,65,85,2,0
204,Pineco,Bug,290,50,65,90,35,35,15,2,0
205,Forretress,BugSteel,465,75,90,140,60,60,40,2,0
206,Dunsparce,Normal,415,100,70,70,65,65,45,2,0
207,Gligar,GroundFlying,430,65,75,105,35,65,85,2,0
208,Steelix,SteelGround,510,75,85,200,55,65,30,2,0
208,Mega-Steelix,SteelGround,610,75,125,230,55,95,30,2,0
209,Snubbull,Fairy,300,60,80,50,40,40,30,2,0
210,Granbull,Fairy,450,90,120,75,60,60,45,2,0
211,Qwilfish,WaterPoison,430,65,95,75,55,55,85,2,0
212,Scizor,BugSteel,500,70,130,100,55,80,65,2,0
212,Mega-Scizor,BugSteel,600,70,150,140,65,100,75,2,0
213,Shuckle,BugRock,505,20,10,230,10,230,5,2,0
214,Heracross,BugFighting,500,80,125,75,40,95,85,2,0
214,Mega-Heracross,BugFighting,600,80,185,115,40,105,75,2,0
215,Sneasel,DarkIce,430,55,95,55,35,75,115,2,0
216,Teddiursa,Normal,330,60,80,50,50,50,40,2,0
217,Ursaring,Normal,500,90,130,75,75,75,55,2,0
218,Slugma,Fire,250,40,40,40,70,40,20,2,0
219,Magcargo,FireRock,410,50,50,120,80,80,30,2,0
220,Swinub,IceGround,250,50,50,40,30,30,50,2,0
221,Piloswine,IceGround,450,100,100,80,60,60,50,2,0
222,Corsola,WaterRock,380,55,55,85,65,85,35,2,0
223,Remoraid,Water,300,35,65,35,65,35,65,2,0
224,Octillery,Water,480,75,105,75,105,75,45,2,0
225,Delibird,IceFlying,330,45,55,45,65,45,75,2,0
226,Mantine,WaterFlying,465,65,40,70,80,140,70,2,0
227,Skarmory,SteelFlying,465,65,80,140,40,70,70,2,0
228,Houndour,DarkFire,330,45,60,30,80,50,65,2,0
229,Houndoom,DarkFire,500,75,90,50,110,80,95,2,0
229,Mega-Houndoom,DarkFire,600,75,90,90,140,90,115,2,0
230,Kingdra,WaterDragon,540,75,95,95,95,95,85,2,0
231,Phanpy,Ground,330,90,60,60,40,40,40,2,0
232,Donphan,Ground,500,90,120,120,60,60,50,2,0
233,Porygon2,Normal,515,85,80,90,105,95,60,2,0
234,Stantler,Normal,465,73,95,62,85,65,85,2,0
235,Smeargle,Normal,250,55,20,35,20,45,75,2,0
236,Tyrogue,Fighting,210,35,35,35,35,35,35,2,0
237,Hitmontop,Fighting,455,50,95,95,35,110,70,2,0
238,Smoochum,IcePsychic,305,45,30,15,85,65,65,2,0
239,Elekid,Electric,360,45,63,37,65,55,95,2,0
240,Magby,Fire,365,45,75,37,70,55,83,2,0
241,Miltank,Normal,490,95,80,105,40,70,100,2,0
242,Blissey,Normal,540,255,10,10,75,135,55,2,0
243,Raikou,Electric,580,90,85,75,115,100,115,2,1
244,Entei,Fire,580,115,115,85,90,75,100,2,1
245,Suicune,Water,580,100,75,115,90,115,85,2,1
246,Larvitar,RockGround,300,50,64,50,45,50,41,2,0
247,Pupitar,RockGround,410,70,84,70,65,70,51,2,0
248,Tyranitar,RockDark,600,100,134,110,95,100,61,2,0
248,Mega-Tyranitar,RockDark,700,100,164,150,95,120,71,2,0
249,Lugia,PsychicFlying,680,106,90,130,90,154,110,2,1
250,Ho-oh,FireFlying,680,106,130,90,110,154,90,2,1
251,Celebi,PsychicGrass,600,100,100,100,100,100,100,2,0
252,Treecko,Grass,310,40,45,35,65,55,70,3,0
253,Grovyle,Grass,405,50,65,45,85,65,95,3,0
254,Sceptile,Grass,530,70,85,65,105,85,120,3,0
254,Mega-Sceptile,GrassDragon,630,70,110,75,145,85,145,3,0
255,Torchic,Fire,310,45,60,40,70,50,45,3,0
256,Combusken,FireFighting,405,60,85,60,85,60,55,3,0
257,Blaziken,FireFighting,530,80,120,70,110,70,80,3,0
257,Mega-Blaziken,FireFighting,630,80,160,80,130,80,100,3,0
258,Mudkip,Water,310,50,70,50,50,50,40,3,0
259,Marshtomp,WaterGround,405,70,85,70,60,70,50,3,0
260,Swampert,WaterGround,535,100,110,90,85,90,60,3,0
260,Mega-Swampert,WaterGround,635,100,150,110,95,110,70,3,0
261,Poochyena,Dark,220,35,55,35,30,30,35,3,0
262,Mightyena,Dark,420,70,90,70,60,60,70,3,0
263,Zigzagoon,Normal,240,38,30,41,30,41,60,3,0
264,Linoone,Normal,420,78,70,61,50,61,100,3,0
265,Wurmple,Bug,195,45,45,35,20,30,20,3,0
266,Silcoon,Bug,205,50,35,55,25,25,15,3,0
267,Beautifly,BugFlying,395,60,70,50,100,50,65,3,0
268,Cascoon,Bug,205,50,35,55,25,25,15,3,0
269,Dustox,BugPoison,385,60,50,70,50,90,65,3,0
270,Lotad,WaterGrass,220,40,30,30,40,50,30,3,0
271,Lombre,WaterGrass,340,60,50,50,60,70,50,3,0
272,Ludicolo,WaterGrass,480,80,70,70,90,100,70,3,0
273,Seedot,Grass,220,40,40,50,30,30,30,3,0
274,Nuzleaf,GrassDark,340,70,70,40,60,40,60,3,0
275,Shiftry,GrassDark,480,90,100,60,90,60,80,3,0
276,Taillow,NormalFlying,270,40,55,30,30,30,85,3,0
277,Swellow,NormalFlying,430,60,85,60,50,50,125,3,0
278,Wingull,WaterFlying,270,40,30,30,55,30,85,3,0
279,Pelipper,WaterFlying,430,60,50,100,85,70,65,3,0
280,Ralts,PsychicFairy,198,28,25,25,45,35,40,3,0
281,Kirlia,PsychicFairy,278,38,35,35,65,55,50,3,0
282,Gardevoir,PsychicFairy,518,68,65,65,125,115,80,3,0
282,Mega-Gardevoir,PsychicFairy,618,68,85,65,165,135,100,3,0
283,Surskit,BugWater,269,40,30,32,50,52,65,3,0
284,Masquerain,BugFlying,414,70,60,62,80,82,60,3,0
285,Shroomish,Grass,295,60,40,60,40,60,35,3,0
286,Breloom,GrassFighting,460,60,130,80,60,60,70,3,0
287,Slakoth,Normal,280,60,60,60,35,35,30,3,0
288,Vigoroth,Normal,440,80,80,80,55,55,90,3,0
289,Slaking,Normal,670,150,160,100,95,65,100,3,0
290,Nincada,BugGround,266,31,45,90,30,30,40,3,0
291,Ninjask,BugFlying,456,61,90,45,50,50,160,3,0
292,Shedinja,BugGhost,236,1,90,45,30,30,40,3,0
293,Whismur,Normal,240,64,51,23,51,23,28,3,0
294,Loudred,Normal,360,84,71,43,71,43,48,3,0
295,Exploud,Normal,490,104,91,63,91,73,68,3,0
296,Makuhita,Fighting,237,72,60,30,20,30,25,3,0
297,Hariyama,Fighting,474,144,120,60,40,60,50,3,0
298,Azurill,NormalFairy,190,50,20,40,20,40,20,3,0
299,Nosepass,Rock,375,30,45,135,45,90,30,3,0
300,Skitty,Normal,260,50,45,45,35,35,50,3,0
301,Delcatty,Normal,380,70,65,65,55,55,70,3,0
302,Sableye,DarkGhost,380,50,75,75,65,65,50,3,0
302,Mega-Sableye,DarkGhost,480,50,85,125,85,115,20,3,0
303,Mawile,SteelFairy,380,50,85,85,55,55,50,3,0
303,Mega-Mawile,SteelFairy,480,50,105,125,55,95,50,3,0
304,Aron,SteelRock,330,50,70,100,40,40,30,3,0
305,Lairon,SteelRock,430,60,90,140,50,50,40,3,0
306,Aggron,SteelRock,530,70,110,180,60,60,50,3,0
306,Mega-Aggron,Steel,630,70,140,230,60,80,50,3,0
307,Meditite,FightingPsychic,280,30,40,55,40,55,60,3,0
308,Medicham,FightingPsychic,410,60,60,75,60,75,80,3,0
308,Mega-Medicham,FightingPsychic,510,60,100,85,80,85,100,3,0
309,Electrike,Electric,295,40,45,40,65,40,65,3,0
310,Manectric,Electric,475,70,75,60,105,60,105,3,0
310,Mega-Manectric,Electric,575,70,75,80,135,80,135,3,0
311,Plusle,Electric,405,60,50,40,85,75,95,3,0
312,Minun,Electric,405,60,40,50,75,85,95,3,0
313,Volbeat,Bug,400,65,73,55,47,75,85,3,0
314,Illumise,Bug,400,65,47,55,73,75,85,3,0
315,Roselia,GrassPoison,400,50,60,45,100,80,65,3,0
316,Gulpin,Poison,302,70,43,53,43,53,40,3,0
317,Swalot,Poison,467,100,73,83,73,83,55,3,0
318,Carvanha,WaterDark,305,45,90,20,65,20,65,3,0
319,Sharpedo,WaterDark,460,70,120,40,95,40,95,3,0
319,Mega-Sharpedo,WaterDark,560,70,140,70,110,65,105,3,0
320,Wailmer,Water,400,130,70,35,70,35,60,3,0
321,Wailord,Water,500,170,90,45,90,45,60,3,0
322,Numel,FireGround,305,60,60,40,65,45,35,3,0
323,Camerupt,FireGround,460,70,100,70,105,75,40,3,0
323,Mega-Camerupt,FireGround,560,70,120,100,145,105,20,3,0
324,Torkoal,Fire,470,70,85,140,85,70,20,3,0
325,Spoink,Psychic,330,60,25,35,70,80,60,3,0
326,Grumpig,Psychic,470,80,45,65,90,110,80,3,0
327,Spinda,Normal,360,60,60,60,60,60,60,3,0
328,Trapinch,Ground,290,45,100,45,45,45,10,3,0
329,Vibrava,GroundDragon,340,50,70,50,50,50,70,3,0
330,Flygon,GroundDragon,520,80,100,80,80,80,100,3,0
331,Cacnea,Grass,335,50,85,40,85,40,35,3,0
332,Cacturne,GrassDark,475,70,115,60,115,60,55,3,0
333,Swablu,NormalFlying,310,45,40,60,40,75,50,3,0
334,Altaria,DragonFlying,490,75,70,90,70,105,80,3,0
334,Mega-Altaria,DragonFairy,590,75,110,110,110,105,80,3,0
335,Zangoose,Normal,458,73,115,60,60,60,90,3,0
336,Seviper,Poison,458,73,100,60,100,60,65,3,0
337,Lunatone,RockPsychic,440,70,55,65,95,85,70,3,0
338,Solrock,RockPsychic,440,70,95,85,55,65,70,3,0
339,Barboach,WaterGround,288,50,48,43,46,41,60,3,0
340,Whiscash,WaterGround,468,110,78,73,76,71,60,3,0
341,Corphish,Water,308,43,80,65,50,35,35,3,0
342,Crawdaunt,WaterDark,468,63,120,85,90,55,55,3,0
343,Baltoy,GroundPsychic,300,40,40,55,40,70,55,3,0
344,Claydol,GroundPsychic,500,60,70,105,70,120,75,3,0
345,Lileep,RockGrass,355,66,41,77,61,87,23,3,0
346,Cradily,RockGrass,495,86,81,97,81,107,43,3,0
347,Anorith,RockBug,355,45,95,50,40,50,75,3,0
348,Armaldo,RockBug,495,75,125,100,70,80,45,3,0
349,Feebas,Water,200,20,15,20,10,55,80,3,0
350,Milotic,Water,540,95,60,79,100,125,81,3,0
351,Castform,Normal,420,70,70,70,70,70,70,3,0
352,Kecleon,Normal,440,60,90,70,60,120,40,3,0
353,Shuppet,Ghost,295,44,75,35,63,33,45,3,0
354,Banette,Ghost,455,64,115,65,83,63,65,3,0
354,Mega-Banette,Ghost,555,64,165,75,93,83,75,3,0
355,Duskull,Ghost,295,20,40,90,30,90,25,3,0
356,Dusclops,Ghost,455,40,70,130,60,130,25,3,0
357,Tropius,GrassFlying,460,99,68,83,72,87,51,3,0
358,Chimecho,Psychic,425,65,50,70,95,80,65,3,0
359,Absol,Dark,465,65,130,60,75,60,75,3,0
359,Mega-Absol,Dark,565,65,150,60,115,60,115,3,0
360,Wynaut,Psychic,260,95,23,48,23,48,23,3,0
361,Snorunt,Ice,300,50,50,50,50,50,50,3,0
362,Glalie,Ice,480,80,80,80,80,80,80,3,0
362,Mega-Glalie,Ice,580,80,120,80,120,80,100,3,0
363,Spheal,IceWater,290,70,40,50,55,50,25,3,0
364,Sealeo,IceWater,410,90,60,70,75,70,45,3,0
365,Walrein,IceWater,530,110,80,90,95,90,65,3,0
366,Clamperl,Water,345,35,64,85,74,55,32,3,0
367,Huntail,Water,485,55,104,105,94,75,52,3,0
368,Gorebyss,Water,485,55,84,105,114,75,52,3,0
369,Relicanth,WaterRock,485,100,90,130,45,65,55,3,0
370,Luvdisc,Water,330,43,30,55,40,65,97,3,0
371,Bagon,Dragon,300,45,75,60,40,30,50,3,0
372,Shelgon,Dragon,420,65,95,100,60,50,50,3,0
373,Salamence,DragonFlying,600,95,135,80,110,80,100,3,0
373,Mega-Salamence,DragonFlying,700,95,145,130,120,90,120,3,0
374,Beldum,SteelPsychic,300,40,55,80,35,60,30,3,0
375,Metang,SteelPsychic,420,60,75,100,55,80,50,3,0
376,Metagross,SteelPsychic,600,80,135,130,95,90,70,3,0
376,Mega-Metagross,SteelPsychic,700,80,145,150,105,110,110,3,0
377,Regirock,Rock,580,80,100,200,50,100,50,3,1
378,Regice,Ice,580,80,50,100,100,200,50,3,1
379,Registeel,Steel,580,80,75,150,75,150,50,3,1
380,Latias,DragonPsychic,600,80,80,90,110,130,110,3,1
380,Mega-Latias,DragonPsychic,700,80,100,120,140,150,110,3,1
381,Latios,DragonPsychic,600,80,90,80,130,110,110,3,1
381,Mega-Latios,DragonPsychic,700,80,130,100,160,120,110,3,1
382,Kyogre,Water,670,100,100,90,150,140,90,3,1
382,Primal-Kyogre,Water,770,100,150,90,180,160,90,3,1
383,Groudon,Ground,670,100,150,140,100,90,90,3,1
383,Primal-Groudon,GroundFire,770,100,180,160,150,90,90,3,1
384,Rayquaza,DragonFlying,680,105,150,90,150,90,95,3,1
384,Mega-Rayquaza,DragonFlying,780,105,180,100,180,100,115,3,1
385,Jirachi,SteelPsychic,600,100,100,100,100,100,100,3,1
386,Deoxys Normal Form,Psychic,600,50,150,50,150,50,150,3,1
386,Deoxys Attack Form,Psychic,600,50,180,20,180,20,150,3,1
386,Deoxys Defense Form,Psychic,600,50,70,160,70,160,90,3,1
386,Deoxys Speed Form,Psychic,600,50,95,90,95,90,180,3,1
387,Turtwig,Grass,318,55,68,64,45,55,31,4,0
388,Grotle,Grass,405,75,89,85,55,65,36,4,0
389,Torterra,GrassGround,525,95,109,105,75,85,56,4,0
390,Chimchar,Fire,309,44,58,44,58,44,61,4,0
391,Monferno,FireFighting,405,64,78,52,78,52,81,4,0
392,Infernape,FireFighting,534,76,104,71,104,71,108,4,0
393,Piplup,Water,314,53,51,53,61,56,40,4,0
394,Prinplup,Water,405,64,66,68,81,76,50,4,0
395,Empoleon,WaterSteel,530,84,86,88,111,101,60,4,0
396,Starly,NormalFlying,245,40,55,30,30,30,60,4,0
397,Staravia,NormalFlying,340,55,75,50,40,40,80,4,0
398,Staraptor,NormalFlying,485,85,120,70,50,60,100,4,0
399,Bidoof,Normal,250,59,45,40,35,40,31,4,0
400,Bibarel,NormalWater,410,79,85,60,55,60,71,4,0
401,Kricketot,Bug,194,37,25,41,25,41,25,4,0
402,Kricketune,Bug,384,77,85,51,55,51,65,4,0
403,Shinx,Electric,263,45,65,34,40,34,45,4,0
404,Luxio,Electric,363,60,85,49,60,49,60,4,0
405,Luxray,Electric,523,80,120,79,95,79,70,4,0
406,Budew,GrassPoison,280,40,30,35,50,70,55,4,0
407,Roserade,GrassPoison,515,60,70,65,125,105,90,4,0
408,Cranidos,Rock,350,67,125,40,30,30,58,4,0
409,Rampardos,Rock,495,97,165,60,65,50,58,4,0
410,Shieldon,RockSteel,350,30,42,118,42,88,30,4,0
411,Bastiodon,RockSteel,495,60,52,168,47,138,30,4,0
412,Burmy,Bug,224,40,29,45,29,45,36,4,0
413,WormadamPlantCloak,BugGrass,424,60,59,85,79,105,36,4,0
413,WormadamSandyCloak,BugGround,424,60,79,105,59,85,36,4,0
413,WormadamTrashCloak,BugSteel,424,60,69,95,69,95,36,4,0
414,Mothim,BugFlying,424,70,94,50,94,50,66,4,0
415,Combee,BugFlying,244,30,30,42,30,42,70,4,0
416,Vespiquen,BugFlying,474,70,80,102,80,102,40,4,0
417,Pachirisu,Electric,405,60,45,70,45,90,95,4,0
418,Buizel,Water,330,55,65,35,60,30,85,4,0
419,Floatzel,Water,495,85,105,55,85,50,115,4,0
420,Cherubi,Grass,275,45,35,45,62,53,35,4,0
421,Cherrim,Grass,450,70,60,70,87,78,85,4,0
422,Shellos,Water,325,76,48,48,57,62,34,4,0
423,Gastrodon,WaterGround,475,111,83,68,92,82,39,4,0
424,Ambipom,Normal,482,75,100,66,60,66,115,4,0
425,Drifloon,GhostFlying,348,90,50,34,60,44,70,4,0
426,Drifblim,GhostFlying,498,150,80,44,90,54,80,4,0
427,Buneary,Normal,350,55,66,44,44,56,85,4,0
428,Lopunny,Normal,480,65,76,84,54,96,105,4,0
428,Mega-Lopunny,NormalFighting,580,65,136,94,54,96,135,4,0
429,Mismagius,Ghost,495,60,60,60,105,105,105,4,0
430,Honchkrow,DarkFlying,505,100,125,52,105,52,71,4,0
431,Glameow,Normal,310,49,55,42,42,37,85,4,0
432,Purugly,Normal,452,71,82,64,64,59,112,4,0
433,Chingling,Psychic,285,45,30,50,65,50,45,4,0
434,Stunky,PoisonDark,329,63,63,47,41,41,74,4,0
435,Skuntank,PoisonDark,479,103,93,67,71,61,84,4,0
436,Bronzor,SteelPsychic,300,57,24,86,24,86,23,4,0
437,Bronzong,SteelPsychic,500,67,89,116,79,116,33,4,0
438,Bonsly,Rock,290,50,80,95,10,45,10,4,0
439,MimeJr.,PsychicFairy,310,20,25,45,70,90,60,4,0
440,Happiny,Normal,220,100,5,5,15,65,30,4,0
441,Chatot,NormalFlying,411,76,65,45,92,42,91,4,0
442,Spiritomb,GhostDark,485,50,92,108,92,108,35,4,0
443,Gible,DragonGround,300,58,70,45,40,45,42,4,0
444,Gabite,DragonGround,410,68,90,65,50,55,82,4,0
445,Garchomp,DragonGround,600,108,130,95,80,85,102,4,0
445,Mega-Garchomp,DragonGround,700,108,170,115,120,95,92,4,0
446,Munchlax,Normal,390,135,85,40,40,85,5,4,0
447,Riolu,Fighting,285,40,70,40,35,40,60,4,0
448,Lucario,FightingSteel,525,70,110,70,115,70,90,4,0
448,Mega-Lucario,FightingSteel,625,70,145,88,140,70,112,4,0
449,Hippopotas,Ground,330,68,72,78,38,42,32,4,0
450,Hippowdon,Ground,525,108,112,118,68,72,47,4,0
451,Skorupi,PoisonBug,330,40,50,90,30,55,65,4,0
452,Drapion,PoisonDark,500,70,90,110,60,75,95,4,0
453,Croagunk,PoisonFighting,300,48,61,40,61,40,50,4,0
454,Toxicroak,PoisonFighting,490,83,106,65,86,65,85,4,0
455,Carnivine,Grass,454,74,100,72,90,72,46,4,0
456,Finneon,Water,330,49,49,56,49,61,66,4,0
457,Lumineon,Water,460,69,69,76,69,86,91,4,0
458,Mantyke,WaterFlying,345,45,20,50,60,120,50,4,0
459,Snover,GrassIce,334,60,62,50,62,60,40,4,0
460,Abomasnow,GrassIce,494,90,92,75,92,85,60,4,0
460,Mega-Abomasnow,GrassIce,594,90,132,105,132,105,30,4,0
461,Weavile,DarkIce,510,70,120,65,45,85,125,4,0
462,Magnezone,ElectricSteel,535,70,70,115,130,90,60,4,0
463,Lickilicky,Normal,515,110,85,95,80,95,50,4,0
464,Rhyperior,GroundRock,535,115,140,130,55,55,40,4,0
465,Tangrowth,Grass,535,100,100,125,110,50,50,4,0
466,Electivire,Electric,540,75,123,67,95,85,95,4,0
467,Magmortar,Fire,540,75,95,67,125,95,83,4,0
468,Togekiss,FairyFlying,545,85,50,95,120,115,80,4,0
469,Yanmega,BugFlying,515,86,76,86,116,56,95,4,0
470,Leafeon,Grass,525,65,110,130,60,65,95,4,0
471,Glaceon,Ice,525,65,60,110,130,95,65,4,0
472,Gliscor,GroundFlying,510,75,95,125,45,75,95,4,0
473,Mamoswine,IceGround,530,110,130,80,70,60,80,4,0
474,Porygon-Z,Normal,535,85,80,70,135,75,90,4,0
475,Gallade,PsychicFighting,518,68,125,65,65,115,80,4,0
475,Mega-Gallade,PsychicFighting,618,68,165,95,65,115,110,4,0
476,Probopass,RockSteel,525,60,55,145,75,150,40,4,0
477,Dusknoir,Ghost,525,45,100,135,65,135,45,4,0
478,Froslass,IceGhost,480,70,80,70,80,70,110,4,0
479,Rotom,ElectricGhost,440,50,50,77,95,77,91,4,0
479,Rotom Heat,ElectricFire,520,50,65,107,105,107,86,4,0
479,Rotom Wash,ElectricWater,520,50,65,107,105,107,86,4,0
479,Rotom Frost,ElectricIce,520,50,65,107,105,107,86,4,0
479,Rotom Fan,ElectricFlying,520,50,65,107,105,107,86,4,0
479,Rotom Mow,ElectricGrass,520,50,65,107,105,107,86,4,0
480,Uxie,Psychic,580,75,75,130,75,130,95,4,1
481,Mesprit,Psychic,580,80,105,105,105,105,80,4,1
482,Azelf,Psychic,580,75,125,70,125,70,115,4,1
483,Dialga,SteelDragon,680,100,120,120,150,100,90,4,1
484,Palkia,WaterDragon,680,90,120,100,150,120,100,4,1
485,Heatran,FireSteel,600,91,90,106,130,106,77,4,1
486,Regigigas,Normal,670,110,160,110,80,110,100,4,1
487,Giratina Altered Form,GhostDragon,680,150,100,120,100,120,90,4,1
487,Giratina Origin Form,GhostDragon,680,150,120,100,120,100,90,4,1
488,Cresselia,Psychic,600,120,70,120,75,130,85,4,0
489,Phione,Water,480,80,80,80,80,80,80,4,0
490,Manaphy,Water,600,100,100,100,100,100,100,4,0
491,Darkrai,Dark,600,70,90,90,135,90,125,4,1
492,Shaymin Land Form,Grass,600,100,100,100,100,100,100,4,1
492,Shaymin Sky Form,GrassFlying,600,100,103,75,120,75,127,4,1
493,Arceus,Normal,720,120,120,120,120,120,120,4,1
494,Victini,PsychicFire,600,100,100,100,100,100,100,5,1
495,Snivy,Grass,308,45,45,55,45,55,63,5,0
496,Servine,Grass,413,60,60,75,60,75,83,5,0
497,Serperior,Grass,528,75,75,95,75,95,113,5,0
498,Tepig,Fire,308,65,63,45,45,45,45,5,0
499,Pignite,FireFighting,418,90,93,55,70,55,55,5,0
500,Emboar,FireFighting,528,110,123,65,100,65,65,5,0
501,Oshawott,Water,308,55,55,45,63,45,45,5,0
502,Dewott,Water,413,75,75,60,83,60,60,5,0
503,Samurott,Water,528,95,100,85,108,70,70,5,0
504,Patrat,Normal,255,45,55,39,35,39,42,5,0
505,Watchog,Normal,420,60,85,69,60,69,77,5,0
506,Lillipup,Normal,275,45,60,45,25,45,55,5,0
507,Herdier,Normal,370,65,80,65,35,65,60,5,0
508,Stoutland,Normal,500,85,110,90,45,90,80,5,0
509,Purrloin,Dark,281,41,50,37,50,37,66,5,0
510,Liepard,Dark,446,64,88,50,88,50,106,5,0
511,Pansage,Grass,316,50,53,48,53,48,64,5,0
512,Simisage,Grass,498,75,98,63,98,63,101,5,0
513,Pansear,Fire,316,50,53,48,53,48,64,5,0
514,Simisear,Fire,498,75,98,63,98,63,101,5,0
515,Panpour,Water,316,50,53,48,53,48,64,5,0
516,Simipour,Water,498,75,98,63,98,63,101,5,0
517,Munna,Psychic,292,76,25,45,67,55,24,5,0
518,Musharna,Psychic,487,116,55,85,107,95,29,5,0
519,Pidove,NormalFlying,264,50,55,50,36,30,43,5,0
520,Tranquill,NormalFlying,358,62,77,62,50,42,65,5,0
521,Unfezant,NormalFlying,488,80,115,80,65,55,93,5,0
522,Blitzle,Electric,295,45,60,32,50,32,76,5,0
523,Zebstrika,Electric,497,75,100,63,80,63,116,5,0
524,Roggenrola,Rock,280,55,75,85,25,25,15,5,0
525,Boldore,Rock,390,70,105,105,50,40,20,5,0
526,Gigalith,Rock,515,85,135,130,60,80,25,5,0
527,Woobat,PsychicFlying,313,55,45,43,55,43,72,5,0
528,Swoobat,PsychicFlying,425,67,57,55,77,55,114,5,0
529,Drilbur,Ground,328,60,85,40,30,45,68,5,0
530,Excadrill,GroundSteel,508,110,135,60,50,65,88,5,0
531,Audino,Normal,445,103,60,86,60,86,50,5,0
531,Mega-Audino,NormalFairy,545,103,60,126,80,126,50,5,0
532,Timburr,Fighting,305,75,80,55,25,35,35,5,0
533,Gurdurr,Fighting,405,85,105,85,40,50,40,5,0
534,Conkeldurr,Fighting,505,105,140,95,55,65,45,5,0
535,Tympole,Water,294,50,50,40,50,40,64,5,0
536,Palpitoad,WaterGround,384,75,65,55,65,55,69,5,0
537,Seismitoad,WaterGround,509,105,95,75,85,75,74,5,0
538,Throh,Fighting,465,120,100,85,30,85,45,5,0
539,Sawk,Fighting,465,75,125,75,30,75,85,5,0
540,Sewaddle,BugGrass,310,45,53,70,40,60,42,5,0
541,Swadloon,BugGrass,380,55,63,90,50,80,42,5,0
542,Leavanny,BugGrass,500,75,103,80,70,80,92,5,0
543,Venipede,BugPoison,260,30,45,59,30,39,57,5,0
544,Whirlipede,BugPoison,360,40,55,99,40,79,47,5,0
545,Scolipede,BugPoison,485,60,100,89,55,69,112,5,0
546,Cottonee,GrassFairy,280,40,27,60,37,50,66,5,0
547,Whimsicott,GrassFairy,480,60,67,85,77,75,116,5,0
548,Petilil,Grass,280,45,35,50,70,50,30,5,0
549,Lilligant,Grass,480,70,60,75,110,75,90,5,0
550,Basculin,Water,460,70,92,65,80,55,98,5,0
551,Sandile,GroundDark,292,50,72,35,35,35,65,5,0
552,Krokorok,GroundDark,351,60,82,45,45,45,74,5,0
553,Krookodile,GroundDark,519,95,117,80,65,70,92,5,0
554,Darumaka,Fire,315,70,90,45,15,45,50,5,0
555,Darmanitan Standard Mode,Fire,480,105,140,55,30,55,95,5,0
555,Darmanitan Zen Mode,FirePsychic,540,105,30,105,140,105,55,5,0
555,Darmanitan Galarian Standard Mode,Ice,480,105,140,55,30,55,95,5,0
555,Darmanitan Galarian Zen Mode,FireIce,540,105,160,55,30,55,135,5,0
556,Maractus,Grass,461,75,86,67,106,67,60,5,0
557,Dwebble,BugRock,325,50,65,85,35,35,55,5,0
558,Crustle,BugRock,475,70,95,125,65,75,45,5,0
559,Scraggy,DarkFighting,348,50,75,70,35,70,48,5,0
560,Scrafty,DarkFighting,488,65,90,115,45,115,58,5,0
561,Sigilyph,PsychicFlying,490,72,58,80,103,80,97,5,0
562,Yamask,Ghost,303,38,30,85,55,65,30,5,0
563,Cofagrigus,Ghost,483,58,50,145,95,105,30,5,0
564,Tirtouga,WaterRock,355,54,78,103,53,45,22,5,0
565,Carracosta,WaterRock,495,74,108,133,83,65,32,5,0
566,Archen,RockFlying,401,55,112,45,74,45,70,5,0
567,Archeops,RockFlying,567,75,140,65,112,65,110,5,0
568,Trubbish,Poison,329,50,50,62,40,62,65,5,0
569,Garbodor,Poison,474,80,95,82,60,82,75,5,0
570,Zorua,Dark,330,40,65,40,80,40,65,5,0
571,Zoroark,Dark,510,60,105,60,120,60,105,5,0
572,Minccino,Normal,300,55,50,40,40,40,75,5,0
573,Cinccino,Normal,470,75,95,60,65,60,115,5,0
574,Gothita,Psychic,290,45,30,50,55,65,45,5,0
575,Gothorita,Psychic,390,60,45,70,75,85,55,5,0
576,Gothitelle,Psychic,490,70,55,95,95,110,65,5,0
577,Solosis,Psychic,290,45,30,40,105,50,20,5,0
578,Duosion,Psychic,370,65,40,50,125,60,30,5,0
579,Reuniclus,Psychic,490,110,65,75,125,85,30,5,0
580,Ducklett,WaterFlying,305,62,44,50,44,50,55,5,0
581,Swanna,WaterFlying,473,75,87,63,87,63,98,5,0
582,Vanillite,Ice,305,36,50,50,65,60,44,5,0
583,Vanillish,Ice,395,51,65,65,80,75,59,5,0
584,Vanilluxe,Ice,535,71,95,85,110,95,79,5,0
585,Deerling,NormalGrass,335,60,60,50,40,50,75,5,0
586,Sawsbuck,NormalGrass,475,80,100,70,60,70,95,5,0
587,Emolga,ElectricFlying,428,55,75,60,75,60,103,5,0
588,Karrablast,Bug,315,50,75,45,40,45,60,5,0
589,Escavalier,BugSteel,495,70,135,105,60,105,20,5,0
590,Foongus,GrassPoison,294,69,55,45,55,55,15,5,0
591,Amoonguss,GrassPoison,464,114,85,70,85,80,30,5,0
592,Frillish,WaterGhost,335,55,40,50,65,85,40,5,0
593,Jellicent,WaterGhost,480,100,60,70,85,105,60,5,0
594,Alomomola,Water,470,165,75,80,40,45,65,5,0
595,Joltik,BugElectric,319,50,47,50,57,50,65,5,0
596,Galvantula,BugElectric,472,70,77,60,97,60,108,5,0
597,Ferroseed,GrassSteel,305,44,50,91,24,86,10,5,0
598,Ferrothorn,GrassSteel,489,74,94,131,54,116,20,5,0
599,Klink,Steel,300,40,55,70,45,60,30,5,0
600,Klang,Steel,440,60,80,95,70,85,50,5,0
601,Klinklang,Steel,520,60,100,115,70,85,90,5,0
602,Tynamo,Electric,275,35,55,40,45,40,60,5,0
603,Eelektrik,Electric,405,65,85,70,75,70,40,5,0
604,Eelektross,Electric,515,85,115,80,105,80,50,5,0
605,Elgyem,Psychic,335,55,55,55,85,55,30,5,0
606,Beheeyem,Psychic,485,75,75,75,125,95,40,5,0
607,Litwick,GhostFire,275,50,30,55,65,55,20,5,0
608,Lampent,GhostFire,370,60,40,60,95,60,55,5,0
609,Chandelure,GhostFire,520,60,55,90,145,90,80,5,0
610,Axew,Dragon,320,46,87,60,30,40,57,5,0
611,Fraxure,Dragon,410,66,117,70,40,50,67,5,0
612,Haxorus,Dragon,540,76,147,90,60,70,97,5,0
613,Cubchoo,Ice,305,55,70,40,60,40,40,5,0
614,Beartic,Ice,485,95,110,80,70,80,50,5,0
615,Cryogonal,Ice,485,70,50,30,95,135,105,5,0
616,Shelmet,Bug,305,50,40,85,40,65,25,5,0
617,Accelgor,Bug,495,80,70,40,100,60,145,5,0
618,Stunfisk,GroundElectric,471,109,66,84,81,99,32,5,0
619,Mienfoo,Fighting,350,45,85,50,55,50,65,5,0
620,Mienshao,Fighting,510,65,125,60,95,60,105,5,0
621,Druddigon,Dragon,485,77,120,90,60,90,48,5,0
622,Golett,GroundGhost,303,59,74,50,35,50,35,5,0
623,Golurk,GroundGhost,483,89,124,80,55,80,55,5,0
624,Pawniard,DarkSteel,340,45,85,70,40,40,60,5,0
625,Bisharp,DarkSteel,490,65,125,100,60,70,70,5,0
626,Bouffalant,Normal,490,95,110,95,40,95,55,5,0
627,Rufflet,NormalFlying,350,70,83,50,37,50,60,5,0
628,Braviary,NormalFlying,510,100,123,75,57,75,80,5,0
629,Vullaby,DarkFlying,370,70,55,75,45,65,60,5,0
630,Mandibuzz,DarkFlying,510,110,65,105,55,95,80,5,0
631,Heatmor,Fire,484,85,97,66,105,66,65,5,0
632,Durant,BugSteel,484,58,109,112,48,48,109,5,0
633,Deino,DarkDragon,300,52,65,50,45,50,38,5,0
634,Zweilous,DarkDragon,420,72,85,70,65,70,58,5,0
635,Hydreigon,DarkDragon,600,92,105,90,125,90,98,5,0
636,Larvesta,Bug Fire,360,55,85,55,50,55,60,5,0
637,Volcarona,Bug Fire,550,85,60,65,135,105,100,5,0
638,Cobalion,SteelFighting,580,91,90,129,90,72,108,5,1
639,Terrakion,RockFighting,580,91,129,90,72,90,108,5,1
640,Virizion,GrassFighting,580,91,90,72,90,129,108,5,1
641,Tornadus Incarnate Form,Flying,580,79,115,70,125,80,111,5,1
641,Tornadus Therian Form,Flying,580,79,100,80,110,90,121,5,1
642,Thundurus Incarnate Form,ElectricFlying,580,79,115,70,125,80,111,5,1
642,Thundurus Therian Form,ElectricFlying,580,79,105,70,145,80,101,5,1
643,Reshiram,DragonFire,680,100,120,100,150,120,90,5,1
644,Zekrom,DragonElectric,680,100,150,120,120,100,90,5,1
645,Landorus Incarnate Form,GroundFlying,600,89,125,90,115,80,101,5,1
645,Landorus Therian Form,GroundFlying,600,89,145,90,105,80,91,5,1
646,Kyurem,DragonIce,660,125,130,90,130,90,95,5,1
646,Black-Kyurem,DragonIce,700,125,170,100,120,90,95,5,1
646,White-Kyurem,DragonIce,700,125,120,90,170,100,95,5,1
647,Keldeo Ordinary Form,WaterFighting,580,91,72,90,129,90,108,5,0
647,Keldeo Resolute Form,WaterFighting,580,91,72,90,129,90,108,5,0
648,Meloetta Aria Form,NormalPsychic,600,100,77,77,128,128,90,5,0
648,Meloetta Pirouette Form,NormalFighting,600,100,128,90,77,77,128,5,0
649,Genesect,BugSteel,600,71,120,95,120,95,99,5,0
650,Chespin,Grass,313,56,61,65,48,45,38,6,0
651,Quilladin,Grass,405,61,78,95,56,58,57,6,0
652,Chesnaught,GrassFighting,530,88,107,122,74,75,64,6,0
653,Fennekin,Fire,307,40,45,40,62,60,60,6,0
654,Braixen,Fire,409,59,59,58,90,70,73,6,0
655,Delphox,FirePsychic,534,75,69,72,114,100,104,6,0
656,Froakie,Water,314,41,56,40,62,44,71,6,0
657,Frogadier,Water,405,54,63,52,83,56,97,6,0
658,Greninja,WaterDark,530,72,95,67,103,71,122,6,0
659,Bunnelby,Normal,237,38,36,38,32,36,57,6,0
660,Diggersby,NormalGround,423,85,56,77,50,77,78,6,0
661,Fletchling,NormalFlying,278,45,50,43,40,38,62,6,0
662,Fletchinder,FireFlying,382,62,73,55,56,52,84,6,0
663,Talonflame,FireFlying,499,78,81,71,74,69,126,6,0
664,Scatterbug,Bug,200,38,35,40,27,25,35,6,0
665,Spewpa,Bug,213,45,22,60,27,30,29,6,0
666,Vivillon,BugFlying,411,80,52,50,90,50,89,6,0
667,Litleo,FireNormal,369,62,50,58,73,54,72,6,0
668,Pyroar,FireNormal,507,86,68,72,109,66,106,6,0
669,Flabébé,Fairy,303,44,38,39,61,79,42,6,0
670,Floette,Fairy,371,54,45,47,75,98,52,6,0
671,Florges,Fairy,552,78,65,68,112,154,75,6,0
672,Skiddo,Grass,350,66,65,48,62,57,52,6,0
673,Gogoat,Grass,531,123,100,62,97,81,68,6,0
674,Pancham,Fighting,348,67,82,62,46,48,43,6,0
675,Pangoro,FightingDark,495,95,124,78,69,71,58,6,0
676,Furfrou,Normal,472,75,80,60,65,90,102,6,0
677,Espurr,Psychic,355,62,48,54,63,60,68,6,0
678,Meowstic Male,Psychic,466,74,48,76,83,81,104,6,0
678,Meowstic Female,Psychic,466,74,48,76,83,81,104,6,0
679,Honedge,SteelGhost,325,45,80,100,35,37,28,6,0
680,Doublade,SteelGhost,448,59,110,150,45,49,35,6,0
681,Aegislash Blade Form,SteelGhost,520,60,140,50,140,50,60,6,0
681,Aegislash Shield Form,SteelGhost,520,60,50,140,50,140,60,6,0
682,Spritzee,Fairy,341,78,52,60,63,65,23,6,0
683,Aromatisse,Fairy,462,101,72,72,99,89,29,6,0
684,Swirlix,Fairy,341,62,48,66,59,57,49,6,0
685,Slurpuff,Fairy,480,82,80,86,85,75,72,6,0
686,Inkay,DarkPsychic,288,53,54,53,37,46,45,6,0
687,Malamar,DarkPsychic,482,86,92,88,68,75,73,6,0
688,Binacle,RockWater,306,42,52,67,39,56,50,6,0
689,Barbaracle,RockWater,500,72,105,115,54,86,68,6,0
690,Skrelp,PoisonWater,320,50,60,60,60,60,30,6,0
691,Dragalge,PoisonDragon,494,65,75,90,97,123,44,6,0
692,Clauncher,Water,330,50,53,62,58,63,44,6,0
693,Clawitzer,Water,500,71,73,88,120,89,59,6,0
694,Helioptile,ElectricNormal,289,44,38,33,61,43,70,6,0
695,Heliolisk,ElectricNormal,481,62,55,52,109,94,109,6,0
696,Tyrunt,RockDragon,362,58,89,77,45,45,48,6,0
697,Tyrantrum,RockDragon,521,82,121,119,69,59,71,6,0
698,Amaura,RockIce,362,77,59,50,67,63,46,6,0
699,Aurorus,RockIce,521,123,77,72,99,92,58,6,0
700,Sylveon,Fairy,525,95,65,65,110,130,60,6,0
701,Hawlucha,FightingFlying,500,78,92,75,74,63,118,6,0
702,Dedenne,ElectricFairy,431,67,58,57,81,67,101,6,0
703,Carbink,RockFairy,500,50,50,150,50,150,50,6,0
704,Goomy,Dragon,300,45,50,35,55,75,40,6,0
705,Sliggoo,Dragon,452,68,75,53,83,113,60,6,0
706,Goodra,Dragon,600,90,100,70,110,150,80,6,0
707,Klefki,SteelFairy,470,57,80,91,80,87,75,6,0
708,Phantump,GhostGrass,309,43,70,48,50,60,38,6,0
709,Trevenant,GhostGrass,474,85,110,76,65,82,56,6,0
710,Pumpkaboo Average-Size,GhostGrass,335,49,66,70,44,55,51,6,0
710,Pumpkaboo Small-Size,GhostGrass,335,44,66,70,44,55,56,6,0
710,Pumpkaboo Large-Size,GhostGrass,335,54,66,70,44,55,46,6,0
710,Pumpkaboo Super-Size,GhostGrass,335,59,66,70,44,55,41,6,0
711,Gourgeist Average-Size,GhostGrass,494,65,90,122,58,75,84,6,0
711,Gourgeist Small-Size,GhostGrass,494,55,85,122,58,75,99,6,0
711,Gourgeist Large-Size,GhostGrass,494,75,95,122,58,75,69,6,0
711,Gourgeist Super-Size,GhostGrass,494,85,100,122,58,75,54,6,0
712,Bergmite,Ice,304,55,69,85,32,35,28,6,0
713,Avalugg,Ice,514,95,117,184,44,46,28,6,0
714,Noibat,FlyingDragon,245,40,30,35,45,40,55,6,0
715,Noivern,FlyingDragon,535,85,70,80,97,80,123,6,0
716,Xerneas,Fairy,680,126,131,95,131,98,99,6,1
717,Yveltal,DarkFlying,680,126,131,95,131,98,99,6,1
718,Zygarde 50% Form,DragonGround,600,108,100,121,81,95,95,6,1
718,Zygarde 100% Form,DragonGround,708,216,100,121,91,95,85,6,1
719,Diancie,RockFairy,600,50,100,150,100,150,50,6,1
719,Mega-Diancie,RockFairy,700,50,160,110,160,110,110,6,1
720,Hoopa Confined,PsychicGhost,600,80,110,60,150,130,70,6,1
720,Hoopa Unbound,PsychicDark,680,80,160,60,170,130,80,6,1
721,Volcanion,FireWater,600,80,110,120,130,90,70,6,1
722,Rowlet,GrassFlying,320,68,55,55,50,50,42,7,0
723,Dartrix,GrassFlying,420,78,75,75,70,70,52,7,0
724,Decidueye,GrassGhost,530,78,107,75,100,100,70,7,0
725,Litten,Fire,320,45,65,40,60,40,70,7,0
726,Torracat,Fire,420,65,85,50,80,50,90,7,0
727,Incineroar,FireDark,530,95,115,90,80,90,60,7,0
728,Popplio,Water,320,50,54,54,66,56,40,7,0
729,Brionne,Water,420,60,69,69,91,81,50,7,0
730,Primarina,WaterFairy,530,80,74,74,126,116,60,7,0
731,Pikipek,NormalFlying,265,35,75,30,30,30,65,7,0
732,Trumbeak,NormalFlying,355,55,85,50,40,50,75,7,0
733,Toucannnon,NormalFlying,485,80,120,75,75,75,60,7,0
734,Yungoos,Normal,253,48,70,30,30,30,45,7,0
735,Gumshoos,Normal,418,88,110,60,55,60,45,7,0
736,Grubbin,Bug,300,47,62,45,55,45,46,7,0
737,Charjabug,BugElectric,400,57,82,95,55,75,36,7,0
738,Vikavolt,BugElectric,500,77,70,90,145,75,43,7,0
739,Crabrawler,Fighting,338,47,82,57,42,47,63,7,0
740,Crabominable,FightingIce,478,97,132,77,62,67,43,7,0
741,Oricorio Baile Style,FireFlying,476,75,70,70,98,70,93,7,0
741,Oricorio Pom-Pom Style,ElectricFlying,476,75,70,70,98,70,93,7,0
741,Oricorio Pa'u Style,PsychicFlying,476,75,70,70,98,70,93,7,0
741,Oricorio Sensu Style,GhostFlying,476,75,70,70,98,70,93,7,0
742,Cutiefly,BugFairy,304,40,45,40,55,40,84,7,0
743,Ribombee,BugFairy,464,60,55,60,95,70,124,7,0
744,Rockruff,Rock,280,45,65,40,30,40,60,7,0
745,Lycanroc Midday Form,Rock,487,75,115,65,55,65,112,7,0
745,Lycanroc Midnight Form,Rock,487,85,115,75,55,75,82,7,0
745,Lycanroc Dusk Form,Rock,487,75,117,65,55,65,110,7,0
746,Wishiwashi Solo Form,Water,175,45,20,20,25,25,40,7,0
746,Wishiwashi School Form,Water,620,45,140,130,140,135,30,7,0
747,Mareani,PoisonWater,305,50,53,62,43,52,45,7,0
748,Toxapex,PoisonWater,495,50,63,152,53,142,35,7,0
749,Mudbray,Ground,385,70,100,70,45,55,45,7,0
750,Mudsdale,Ground,500,100,125,100,55,85,35,7,0
751,Dewpider,WaterBug,269,38,40,52,40,72,27,7,0
752,Araquanid,WaterBug,454,68,70,92,50,132,42,7,0
753,Fomantis,Grass,250,40,55,35,50,35,35,7,0
754,Lurantis,Grass,480,70,105,90,80,90,45,7,0
755,Morelull,GrassFairy,285,40,35,55,65,75,15,7,0
756,Shiinotic,GrassFairy,405,60,45,80,90,100,30,7,0
757,Salandit,PoisonFire,320,48,44,40,71,40,77,7,0
758,Salazzle,PoisonFire,480,68,64,60,111,60,117,7,0
759,Stufful,NormalFighting,340,70,75,50,45,50,50,7,0
760,Bewear,NormalFighting,500,120,125,80,55,60,60,7,0
761,Bounsweet,Grass,210,42,30,38,30,38,32,7,0
762,Steenee,Grass,290,52,40,48,40,48,62,7,0
763,Tsareena,Grass,510,72,120,98,50,98,72,7,0
764,Comfey,Fairy,485,51,52,90,82,110,100,7,0
765,Oranguru,NormalPsychic,490,90,60,80,90,110,60,7,0
766,Passimian,Fighting,490,100,120,90,40,60,80,7,0
767,Wimpod,BugWater,230,25,35,40,20,30,80,7,0
768,Golisopod,BugWater,530,75,125,140,60,90,40,7,0
769,Sandygast,GhostGround,320,55,55,80,70,45,15,7,0
770,Palossand,GhostGround,480,85,75,110,100,75,35,7,0
771,Pyukumuku,Water,410,55,60,130,30,130,5,7,0
772,Type: Null,Normal,534,95,95,95,95,95,59,7,0
773,Silvally,Normal,570,95,95,95,95,95,95,7,0
774,Minior Meteor Form,RockFlying,440,60,60,100,60,100,60,7,0
774,Minior Core,RockFlying,500,60,100,60,100,60,120,7,0
775,Komala,Normal,480,65,115,65,75,95,65,7,0
776,Turtonator,FireDragon,485,60,78,135,91,85,36,7,0
777,Togedemaru,ElectricSteel,435,65,98,63,40,73,96,7,0
778,Mimikyu,GhostFairy,476,55,90,80,50,105,96,7,0
779,Bruxish,WaterPsychic,475,68,105,70,70,70,92,7,0
780,Drampa,NormalDragon,485,78,60,85,135,91,36,7,0
781,Dhelmise,GhostGrass,517,70,131,100,86,90,40,7,0
782,Jangmo-o,Dragon,300,45,55,65,45,45,45,7,0
783,Hakama-o,DragonFighting,420,55,75,90,65,70,65,7,0
784,Kommo-o,DragonFighting,600,75,110,125,100,105,85,7,0
785,Tapu Koko,ElectricFairy,570,70,115,85,95,75,130,7,0
786,Tapu Lele,PsychicFairy,570,70,85,75,130,115,95,7,0
787,Tapu Bulu,GrassFairy,570,70,130,115,85,95,75,7,0
788,Tapu Fini,WaterFairy,570,70,75,115,95,130,85,7,0
789,Cosmog,Psychic,200,43,29,31,29,31,37,7,0
790,Cosmoem,Psychic,400,43,29,131,29,131,37,7,0
791,Solgaleo,PsychicSteel,680,137,137,107,113,89,97,7,1
792,Lunala,PsychicGhost,680,137,113,89,137,107,97,7,1
793,Nihilego,RockPoison,570,109,53,47,127,131,103,7,0
794,Buzzwole,BugFighting,570,107,139,139,53,53,79,7,0
795,Pheromosa,BugFighting,570,71,137,37,137,37,151,7,0
796,Xurkitree,Electric,570,83,89,71,173,71,83,7,0
797,Celesteela,SteelFlying,570,97,101,103,107,101,61,7,0
798,Kartana,GrassSteel,570,59,181,131,59,31,109,7,0
799,Guzzlord,DarkDragon,570,223,101,53,97,53,43,7,0
800,Necrozma,Psychic,600,97,107,101,127,89,79,7,1
800,Dusk Mane Necrozma,PsychicSteel,680,97,157,127,113,109,77,7,1
800,Dawn Wings Necrozma,PsychicGhost,680,97,113,109,157,127,77,7,1
800,Ultra Necrozma,PsychicDragon,754,97,167,97,167,97,129,7,1
801,Magearna,SteelFairy,600,80,95,115,130,115,65,7,0
802,Marshadow,FightingGhost,600,90,125,80,90,90,125,7,0
803,Poipole,Poison,420,67,73,67,73,67,73,7,0
804,Naganadel,PoisonDragon,540,73,73,73,127,73,121,7,0
805,Stakataka,RockSteel,570,61,131,211,53,101,13,7,0
806,Blacephalon,FireGhost,570,53,127,53,151,79,107,7,0
807,Zeraora,Electric,600,88,112,75,102,80,143,7,1
808,Meltan,Steel,300,46,65,65,55,35,34,7,0
809,Melmetal,Steel,600,135,143,143,80,65,34,7,0
810,Grookey,Grass,310,50,65,50,40,40,65,8,0
811,Thwackey,Grass,420,70,85,70,55,60,80,8,0
812,Rillaboom,Grass,530,100,125,90,60,70,85,8,0
813,Scorbunny,Fire,310,50,71,40,40,40,69,8,0
814,Raboot,Fire,420,65,86,60,55,60,94,8,0
815,Cinderace,Fire,530,80,116,75,65,75,119,8,0
816,Sobble,Water,310,50,40,40,70,40,70,8,0
817,Drizzile,Water,420,65,60,55,95,55,90,8,0
818,Inteleon,Water,530,70,85,65,125,65,120,8,0
819,Skwovet,Normal,275,70,55,55,35,35,25,8,0
820,Greedent,Normal,460,120,95,95,55,75,20,8,0
821,Rookidee,Flying,245,38,47,35,33,35,57,8,0
822,Corvisquire,Flying,365,68,67,55,43,55,77,8,0
823,Corviknight,FlyingSteel,495,98,87,105,53,85,67,8,0
824,Blipbug,Bug,180,25,20,20,25,45,45,8,0
825,Dottler,BugPsychic,335,50,35,80,50,90,30,8,0
826,Orbeetle,BugPsychic,505,60,45,110,80,120,90,8,0
827,Nickit,Dark,245,40,28,28,47,52,50,8,0
828,Thievul,Dark,455,70,58,58,87,92,90,8,0
829,Gossifleur,Grass,250,40,40,60,40,60,10,8,0
830,Eldegoss,Grass,460,60,50,90,80,120,60,8,0
831,Wooloo,Normal,270,42,40,55,40,45,48,8,0
832,Dubwool,Normal,490,72,80,100,60,90,88,8,0
833,Chewtle,Water,284,50,64,50,38,38,44,8,0
834,Drednaw,WaterRock,485,90,115,90,48,68,74,8,0
835,Yamper,Electric,270,59,45,50,40,50,26,8,0
836,Boltund,Electric,490,69,90,60,90,60,121,8,0
837,Rolycoly,Rock,240,30,40,50,40,50,30,8,0
838,Carkol,RockFire,410,80,60,90,60,70,50,8,0
839,Coalossal,RockFire,510,110,80,120,80,90,30,8,0
840,Applin,GrassDragon,260,40,40,80,40,40,20,8,0
841,Flapple,GrassDragon,485,70,110,80,95,60,70,8,0
842,Appletun,GrassDragon,485,110,85,80,100,80,30,8,0
843,Silicobra,Ground,315,52,57,75,35,50,46,8,0
844,Sandaconda,Ground,510,72,107,125,65,70,71,8,0
845,Cramorant,FlyingWater,475,70,85,55,85,95,85,8,0
846,Arrokuda,Water,280,41,63,40,40,30,66,8,0
847,Barraskewda,Water,490,61,123,60,60,50,136,8,0
848,Toxel,ElectricPoison,242,40,38,35,54,35,40,8,0
849,Toxtricity,ElectricPoison,502,75,98,70,114,70,75,8,0
850,Sizzlipede,FireBug,305,50,65,45,50,50,45,8,0
851,Centiskorch,FireBug,525,100,115,65,90,90,65,8,0
852,Clobbopus,Fighting,310,50,68,60,50,50,32,8,0
853,Grapploct,Fighting,480,80,118,90,70,80,42,8,0
854,Sinistea,Ghost,308,40,45,45,74,54,50,8,0
855,Polteageist,Ghost,508,60,65,65,134,114,70,8,0
856,Hatenna,Psychic,265,42,30,45,56,53,39,8,0
857,Hattrem,Psychic,370,57,40,65,86,73,49,8,0
858,Hatterene,PsychicFairy,510,57,90,95,136,103,29,8,0
859,Impidimp,DarkFairy,265,45,45,30,55,40,50,8,0
860,Morgrem,DarkFairy,370,65,60,45,75,55,70,8,0
861,Grimmsnarl,DarkFairy,510,95,120,65,95,75,60,8,0
862,Obstagoon,DarkNormal,520,93,90,101,60,81,95,8,0
863,Perrserker,Steel,440,70,110,100,50,60,50,8,0
864,Cursola,Ghost,510,60,95,50,145,130,30,8,0
865,Sirfetch'd,Fighting,507,62,135,95,68,82,65,8,0
866,Mr.Rime,IcePsychic,520,80,85,75,110,100,70,8,0
867,Runerigus,GroundGhost,483,58,95,145,50,105,30,8,0
868,Milcery,Fairy,270,45,40,40,50,61,34,8,0
869,Alcremie,Fairy,495,65,60,75,110,121,64,8,0
870,Falinks,Fighting,470,65,100,100,70,60,75,8,0
871,Pincurchin,Electric,435,48,101,95,91,85,15,8,0
872,Snom,IceBug,185,30,25,35,45,30,20,8,0
873,Frosmoth,IceBug,475,70,65,60,125,90,65,8,0
874,Stonjourner,Rock,470,100,125,135,20,20,70,8,0
875,Eiscue Ice Face,Ice,470,75,80,110,65,90,50,8,0
875,Eiscue Noice Face,Ice,470,75,80,70,65,50,130,8,0
876,Indeedee Male,PsychicNormal,475,60,65,55,105,95,95,8,0
876,Indeedee Female,PsychicNormal,475,70,55,65,95,105,85,8,0
877,Morpeko,ElectricDark,436,58,95,58,70,58,97,8,0
878,Cufant,Steel,330,72,80,49,40,49,40,8,0
879,Copperajah,Steel,500,122,130,69,80,69,30,8,0
880,Dracozolt,ElectricDragon,505,90,100,90,80,70,75,8,0
881,Arctozolt,ElectricIce,505,90,100,90,90,80,55,8,0
882,Dracovish,WaterDragon,505,90,90,100,70,80,75,8,0
883,Arctovish,WaterIce,505,90,90,100,80,90,55,8,0
884,Duraludon,SteelDragon,535,70,95,115,120,50,85,8,0
885,Dreepy,DragonGhost,270,28,60,30,40,30,82,8,0
886,Drakloak,DragonGhost,410,68,80,50,60,50,102,8,0
887,Dragapult,DragonGhost,600,88,120,75,100,75,142,8,0
888,Zacian Hero of Many Battles,Fairy,670,92,130,115,80,115,138,8,1
888,Zacian Crowned Sword,FairySteel,720,92,170,115,80,115,148,8,1
889,Zamazenta Hero of Many Battles,Fighting,670,92,130,115,80,115,138,8,1
889,Zamazenta Crowned Shield,FightingSteel,720,92,130,145,80,145,128,8,1
890,Eternatus,PoisonDragon,690,140,85,95,145,95,130,8,1
890,Eternamax Eternatus,PoisonDragon,1125,255,115,250,125,250,130,8,1
891,Kubfu,Fighting,385,60,90,60,53,50,72,8,0
892,Urshifu Single Strike Style,FightingDark,550,100,130,100,63,60,97,8,0
892,Urshifu Rapid Strike Style,FightingWater,550,100,130,100,63,60,97,8,0
893,Zarude,DarkGrass,600,105,120,105,70,95,105,8,0